id,gen,sp,ssp,grp,en,rec,cnt,loc,lat,lon,alt,type,sex,stage,method,url,file,file-name,lic,q,length,time,date,uploaded,rmk,animal-seen,playback-used,temp,regnr,auto,dvc,mic,smp,also,length_seconds
730182,Zenaida,macroura,,birds,Mourning Dove,Denise Wight,United States,"Mount Diablo State Park, Contra Costa County, California",37.9125,-121.9305,220,call,,adult,field recording,https://xeno-canto.org/730182,https://xeno-canto.org/730182/download,XC730182-220603_07 MODO growl call Back Creek Mount Diablo.mp3,https://creativecommons.org/licenses/by-nc-sa/4.0/,B,1:51,13:00,2022-06-03,2022-06-09,"Calling from directly above me in an oak.  Along Back Creek, between steep chapparal covered hillsides. Normalized, high pass filter. Windy, overcast, pre-rain.",no,no,,,no,,,44100,Spinus psaltria; Pipilo maculatus; Chamaea fasciata,111
109033,Zenaida,macroura,carolinensis,birds,Mourning Dove,Andrew Spencer,United States,"Emeralda Marsh Conservation Area, Lake Co., Florida",28.899,-81.808,20,"song, wing noise",,,field recording,https://xeno-canto.org/109033,https://xeno-canto.org/109033/download,Mourning Dove2012-5-22-1t.mp3,https://creativecommons.org/licenses/by-nc-sa/3.0/,A,1:48,06:10,2012-05-22,2012-09-02,"natural vocalization; song from a bird perched on a wire at the edge of secondary forest, and wing noise as it took off upon my approach.  This version of the song has a couple of more notes than is typical for this species.",yes,no,,,no,,,48000,,108
921376,Zenaida,macroura,,birds,Mourning Dove,Manuel Grosselet,Mexico,"SAn Juan SAyultepec, Oaxaca",17.4321,-97.275,2100,song,,,field recording,https://xeno-canto.org/921376,https://xeno-canto.org/921376/download,XC921376-Mourning-Dove-suxiltepec-jul-17-737-DR0000_2111.wav,https://creativecommons.org/licenses/by-nc-sa/4.0/,B,0:48,07:37,2024-07-17,2024-07-17,,yes,no,,,no,tascam dr05,wildtronics mono amplified,44100,Mimus polyglottos; Haemorhous mexicanus; Thryomanes bewickii; Melozone albicollis,48
153645,Zenaida,macroura,,birds,Mourning Dove,Paul Marvin,United States,"western Apalachicola National Forest, Florida",30.1669,-85.0195,20,song,,,field recording,https://xeno-canto.org/153645,https://xeno-canto.org/153645/download,"XC153645-Mourning Dove -FL, Apalachicola NF west, April 15, ‎2012, 0718 AM.mp3",https://creativecommons.org/licenses/by-nc-sa/3.0/,A,1:03,07:18,2012-04-15,2013-11-07,,no,no,,,no,,,48000,,63
138056,Zenaida,macroura,,birds,Mourning Dove,Paul Driver,United States,"Huntingdon Valley, PA",40.1226,-75.0635,50,nest-coo pair at potential nest-site,,,field recording,https://xeno-canto.org/138056,https://xeno-canto.org/138056/download,XC138056-MOURNING DOVE nest coo PERT PA 03242013.mp3,https://creativecommons.org/licenses/by-nc-sa/3.0/,B,0:49,09:00,2013-03-24,2013-06-11,,yes,no,,,no,,,44100,,49
872133,Zenaida,macroura,marginella,birds,Mourning Dove,Scott Olmstead,United States,"Rio Vista Natural Resource Park, Pima County, Arizona",32.28,-110.9345,700,"song, wing flurry",,adult,field recording,https://xeno-canto.org/872133,https://xeno-canto.org/872133/download,XC872133-2023-04-16-Mourning-Dove-song+wing-flurry-Rio-Vista-iPhone14-SOlmstead.mp3,https://creativecommons.org/licenses/by-nc-sa/4.0/,B,0:48,08:05,2023-04-16,2024-02-10,Two song phrases and then the wing flurry heard at the end as the bird took off.,yes,no,,,no,iPhone 14,,44100,Zenaida asiatica; Haemorhous mexicanus; Auriparus flaviceps; Passer domesticus,48
621377,Zenaida,macroura,marginella,birds,Mourning Dove,Richard E. Webster,United States,"Carlisle Canyon, Grant County, New Mexico",32.7901,-108.997,1400,song,male,adult,field recording,https://xeno-canto.org/621377,https://xeno-canto.org/621377/download,XC621377-DOVE_Mourning Carlisle Cyn NM 1400m 060118 0532.mp3,https://creativecommons.org/licenses/by-nc-sa/4.0/,A,2:16,05:32,2018-06-01,2021-02-14,from a semi-exposed perch 4 m up on an ash tree;,yes,no,,,no,,,48000,Mimus polyglottos; Corvus corax; Vireo bellii; Callipepla gambelii; Leiothlypis luciae,136
586168,Zenaida,macroura,,birds,Mourning Dove,Mario Reyes Jr,Honduras,La Paz Department,14.3569,-87.6542,600,song,uncertain,uncertain,field recording,https://xeno-canto.org/586168,https://xeno-canto.org/586168/download,XC586168-macroura XENO 200831_0964.mp3,https://creativecommons.org/licenses/by-nc-sa/4.0/,B,0:25,07:00,2020-08-31,2020-09-03,"Olympus LS-P4, ganancia de la grabadora: media, micrófono: Sennheiser ME66/K66.  lugar: Lagunas de oxidación del departamento de La Paz.",yes,no,,,no,,,44100,,25
840732,Zenaida,macroura,,birds,Mourning Dove,Manuel Oudard,Canada,"Chatham-Kent (near  Morpeth), Chatham-Kent, Ontario",42.2814,-81.8438,180,song,,,field recording,https://xeno-canto.org/840732,https://xeno-canto.org/840732/download,XC840732-Tourterelle-triste---Rondeau---22-05-2023.wav,https://creativecommons.org/licenses/by-nc-nd/4.0/,B,0:46,08:00,2023-05-22,2023-11-06,,yes,no,,,no,Zoom H5,Røde NTG5,44100,Agelaius phoeniceus; Setophaga pensylvanica; Vireo olivaceus,46
131448,Zenaida,macroura,,birds,Mourning Dove,Eric DeFonso,United States,"Altadena residence, Los Angeles Cty., California",34.1966,-118.1334,460,song,,,field recording,https://xeno-canto.org/131448,https://xeno-canto.org/131448/download,XC131448-20120629-0650-N008-US-CA-Los Angeles-Altadena-Mourning Dove_filt.mp3,https://creativecommons.org/licenses/by-nc-sa/3.0/,A,1:05,06:50,2012-06-29,2013-04-25,Natural cooing song. Bird perched in neighboring tree - recorded from residential backyard. Filtered below 150 Hz to remove distant ambient street noise.,yes,no,,,no,,,48000,Corvus brachyrhynchos; Amazona viridigenalis; Passer domesticus,65
1059661,Zenaida,macroura,,birds,Mourning Dove,David A. Brinkman,United States,"Green Township (near  Cincinnati), Hamilton County, Ohio",39.1774,-84.6556,260,mechanical sound,uncertain,adult,field recording,https://xeno-canto.org/1059661,https://xeno-canto.org/1059661/download,XC1059661-MODO-Sep-10-2025-Home-Hamilton-OH-aud.mp3,https://creativecommons.org/licenses/by-nc-sa/4.0/,B,0:20,08:24,2025-09-10,2025-11-25,Wing whistle at feeders.,yes,no,,,no,Olympus WS - 852 digital voice recorder,built-in,44100,Mimus polyglottos; Cardinalis cardinalis; Poecile carolinensis; Cyanocitta cristata,20
430095,Zenaida,macroura,,birds,Mourning Dove,Bruce Lagerquist,United States,"Kissimmee Prairie, Okeechobee County, Florida",27.5691,-81.086,20,song,,,field recording,https://xeno-canto.org/430095,https://xeno-canto.org/430095/download,XC430095-180415_01Morning Doves.mp3,https://creativecommons.org/licenses/by-nc-sa/4.0/,A,0:22,06:30,2018-04-15,2018-08-10,Two birds perched in a grove of live oaks at the edge of a wooded hammock in the middle of a grass/palmetto prairie,no,no,,,no,,,44100,Myiarchus crinitus; Thryothorus ludovicianus; Strix varia; Colinus virginianus,22
179721,Zenaida,macroura,,birds,Mourning Dove,Martin St-Michel,Canada,"Frelighsburg, Brome-Missisquoi, Québec",45.0509,-72.8358,110,song,,,field recording,https://xeno-canto.org/179721,https://xeno-canto.org/179721/download,XC179721-Mourning Dove (Frelighsburg-2014-05-24-04h40) LS112821.mp3,https://creativecommons.org/licenses/by-nc-sa/4.0/,A,0:28,04:40,2014-05-24,2014-05-27,Habitat: garden with scattered trees.,yes,no,,,no,,,44100,,28
128006,Zenaida,macroura,,birds,Mourning Dove,Jonathon Jongsma,United States,"Minnesota Valley NWR, Old Cedar Ave Bridge, Hennepin, Minnesota",44.8298,-93.2462,220,call,,,field recording,https://xeno-canto.org/128006,https://xeno-canto.org/128006/download,XC128006-JMJ-20130331-081614-0627-USA-MN-OldCedarAve-MODO.mp3,https://creativecommons.org/licenses/by-sa/3.0/,B,0:30,08:16,2013-03-31,2013-03-31,"Sitting 10m directly above me in a tree bordering the parking lot.

Recorded with Olympus LS-10S and Sennheiser ME-66.",yes,no,,,no,,,44100,Agelaius phoeniceus,30
316787,Zenaida,macroura,,birds,Mourning Dove,Thomas G. Graves,United States,"Pinnacles National Park (near  PAICINES), San Benito, California",36.4744,-121.1864,460,"song, wing whir, wing flapping",,,field recording,https://xeno-canto.org/316787,https://xeno-canto.org/316787/download,XC316787-13 Mourning Dove Pinnacles 04-29-16.mp3,https://creativecommons.org/licenses/by-nc-sa/4.0/,B,6:18,10:10,2016-04-29,2016-05-16,The Mourning Doves were flying in and out of a tall tree next to the trail overlooking the resevior. Unknown song at 1:48.00,yes,no,,,no,,,48000,Agelaius phoeniceus; Junco hyemalis; Empidonax difficilis; Aeronautes saxatalis; Cardellina pusilla; Colaptes auratus,378
141215,Zenaida,macroura,,birds,Mourning Dove,Bernard BOUSQUET,United States,"North Myrtle Beach, Horry, South Carolina",33.8438,-78.6105,0,song,,,field recording,https://xeno-canto.org/141215,https://xeno-canto.org/141215/download,XC141215-tourterelle triste meartle beach.mp3,https://creativecommons.org/licenses/by-nc-sa/3.0/,B,0:26,08:30,2013-04-11,2013-07-01,,yes,no,,,no,,,44100,Quiscalus major,26
407859,Zenaida,macroura,,birds,Mourning Dove,Jim Berry,United States,"Hill Higher State Forest, Town of Harmony (near  Panama), Chautauqua County, New York",42.0337,-79.4512,550,song,,,field recording,https://xeno-canto.org/407859,https://xeno-canto.org/407859/download,XC407859-Mourning Dove 06202011 HHSF A.mp3,https://creativecommons.org/licenses/by-nc-sa/4.0/,A,0:52,10:30,2011-06-20,2018-03-28,,yes,no,,,no,,,48000,,52
636552,Zenaida,macroura,,birds,Mourning Dove,Thomas Ryder Payne,Bahamas,"Harbor Island (near  Dunmore Town), Harbour Island",25.4999,-76.6343,20,call,,,field recording,https://xeno-canto.org/636552,https://xeno-canto.org/636552/download,XC636552-Mourning Dove calls 7am Runaway Hill mono B BAHAMAS 180520.mp3,https://creativecommons.org/licenses/by-nc-sa/4.0/,A,0:32,07:00,2018-05-20,2021-04-06,Rode NT2. Grassy area near water.,yes,no,,,no,,,44100,,32
799858,Zenaida,macroura,macroura,birds,Mourning Dove,Daniel Parker,Dominican Republic,"Playa Dorada, Puerto Plata",19.6792,-70.6052,0,song,male,adult,field recording,https://xeno-canto.org/799858,https://xeno-canto.org/799858/download,XC799858-Mourning_Dove_1.wav,https://creativecommons.org/licenses/by-nc-sa/4.0/,B,0:46,07:25,2022-04-30,2023-05-11,"Very similar to mainland song. Also heard *Z. aurora* at this location, very slightly different.",no,no,,,no,"iPhone 12 mini, Voice Memos app",Internal,44100,,46
786002,Zenaida,macroura,,birds,Mourning Dove,Sue Riffe,United States,"Wilson Place, Moffat County, Colorado",40.7263,-108.7603,1800,song,uncertain,adult,field recording,https://xeno-canto.org/786002,https://xeno-canto.org/786002/download,XC786002-Mourning-Dove-in-Moffat-Cty-CO-on-6.11.22-at-8.54-for-.34.mp3,https://creativecommons.org/licenses/by-nc-sa/4.0/,B,0:34,8:54,2022-06-11,2023-03-15,,yes,no,,,no,iPhone 13,,44100,Agelaius phoeniceus; Geothlypis trichas; Sturnella neglecta,34
792264,Zenaida,macroura,carolinensis,birds,Mourning Dove,Stuart Fisher,United States,"Creek near Kentmere, Cumming, Georgia",34.1673,-84.1892,340,song,male,uncertain,field recording,https://xeno-canto.org/792264,https://xeno-canto.org/792264/download,"XC792264-Dove,-Mourning-2011-SF.mp3",https://creativecommons.org/licenses/by-nc-sa/4.0/,B,1:25,08:00,2011-04-21,2023-04-10,,yes,no,,,no,Sony or Phillips Mini disc recorder,Sony mic,44100,Hylocichla mustelina; Turdus migratorius; Cardinalis cardinalis,85
134188,Zenaida,macroura,,birds,Mourning Dove,Dan Lane,United States,"W Lancaster, Lancaster Co., Pennsylvania",40.043,-76.345,90,"song, wing whistles",,,field recording,https://xeno-canto.org/134188,https://xeno-canto.org/134188/download,XC134188-Zenaida macroura130519_T70.mp3,https://creativecommons.org/licenses/by-nc-sa/3.0/,B,0:26,10:30,2013-05-19,2013-05-19,One natural song and then flight sounds from a bird about 6m up on a powerline over street in suburb.,yes,no,,,no,,,44100,Setophaga striata; Turdus migratorius; Cyanocitta cristata; Passer domesticus,26
318601,Zenaida,macroura,,birds,Mourning Dove,Antonio Xeira,United States,"Cranberry Lake Park, Oakland County, Michigan",42.7865,-83.1459,300,song,,,field recording,https://xeno-canto.org/318601,https://xeno-canto.org/318601/download,XC318601-160526_0704 0930 Cranberry Lake_MODO.mp3,https://creativecommons.org/licenses/by-nc-sa/4.0/,B,0:19,09:30,2016-05-26,2016-05-26,"Bird with an incomplete song.
",no,no,,,no,,,44100,,19
493300,Zenaida,macroura,marginella,birds,Mourning Dove,Phoenix Birder,United States,"Willcox, Cochise County, Arizona",32.2324,-109.8252,1300,wing beats,,,field recording,https://xeno-canto.org/493300,https://xeno-canto.org/493300/download,XC493300-MODO.2019.08.16.AZ.Cochise.WillcoxSewagePond.mp3,https://creativecommons.org/licenses/by-nc-sa/4.0/,A,0:27,06:54,2019-08-16,2019-08-19,"Sound Devices MixPre-3 Wildtronics Model #WTPMMSA 22” Parabolic Reflector, phoenixbirder@gmail.com",yes,no,,,no,,,48000,Calidris minutilla; Himantopus mexicanus,27
139840,Zenaida,macroura,,birds,Mourning Dove,GABRIEL LEITE,United States,"Cheyenne, Laramie, Wyoming",41.1267,-104.697,1800,song,,,field recording,https://xeno-canto.org/139840,https://xeno-canto.org/139840/download,XC139840-Zenaida macroura_Cheyene_1088.mp3,https://creativecommons.org/licenses/by-nc-sa/3.0/,B,0:17,08:30,2013-05-12,2013-06-25,,yes,no,,,no,,,48000,,17
1143253,Zenaida,macroura,marginella,birds,Mourning Dove,Greg Irving,United States,"Upper Fish Hatchery Road, Sequim, Clallam County, Washington",48.012,-123.1394,280,song,,,field recording,https://xeno-canto.org/1143253,https://xeno-canto.org/1143253/download,XC1143253-020-Dove---Mourning-(Zenaida-macroura-marginella)-Song-JUN-1030h-300m-FishHatcheryRdSequimWA_gi_260608_020.mp3,https://creativecommons.org/licenses/by-nc-sa/4.0/,B,0:42,10:30,2026-06-08,2026-06-10,,no,no,,,no,Zoom F3,Wildtronics Pro Mono Parabola,48000,Empidonax traillii; Turdus migratorius; Contopus cooperi; Zonotrichia leucophrys,42
796818,Zenaida,macroura,,birds,Mourning Dove,Bobby Wilcox,United States,"DeWitt (near  East Syracuse), Onondaga County, New York",43.0706,-76.0712,130,song,uncertain,adult,field recording,https://xeno-canto.org/796818,https://xeno-canto.org/796818/download,XC796818-230306_1243MODO-10m-mp3-amp.mp3,https://creativecommons.org/licenses/by-nc-sa/4.0/,B,0:10,10:00,2023-03-06,2023-04-29,About 10m away in suburban neighborhood.,yes,no,,,no,Tascam DR100MKIII,,48000,,10
638304,Zenaida,macroura,,birds,Mourning Dove,Christopher McPherson,United States,"Beaver Brook Great Meadow, Hollis, Hillsborough County, New Hampshire",42.7052,-71.615,60,"call, song",uncertain,adult,field recording,https://xeno-canto.org/638304,https://xeno-canto.org/638304/download,XC638304-Mourning Dove_04Apr2021_BBA GM Hollis NH.mp3,https://creativecommons.org/licenses/by-nc-sa/4.0/,A,1:14,08:00,2021-04-04,2021-04-12,,yes,no,,,no,,,44100,Agelaius phoeniceus; Poecile atricapillus; Sayornis phoebe,74
130937,Zenaida,macroura,,birds,Mourning Dove,Mike Nelson,United States,"Honeymoon Island State Park, Dunedin, Pinellas, Florida",28.0649,-82.8278,0,call,,,field recording,https://xeno-canto.org/130937,https://xeno-canto.org/130937/download,XC130937-Mourning DoveFL2.mp3,https://creativecommons.org/licenses/by-nc-sa/3.0/,B,0:18,08:00,2013-04-14,2013-04-21,,yes,no,,,no,,,44100,Pipilo erythrophthalmus; Columbina passerina,18
1015821,Zenaida,macroura,,birds,Mourning Dove,Rory Nefdt,United States,"Hart’s Brook Park and Preserve (near  Hartsdale), Westchester County, New York",41.0149,-73.809,100,song,uncertain,adult,field recording,https://xeno-canto.org/1015821,https://xeno-canto.org/1015821/download,XC1015821-250713_1404_MourningDove_Hartsbrook_13July25_1100.wav,https://creativecommons.org/licenses/by-nc-sa/4.0/,B,0:37,11:00,2025-07-13,2025-07-13,,yes,no,,,no,Olympus L-14,Olympus L-14,44100,Passer domesticus,37
379741,Zenaida,macroura,marginella,birds,Mourning Dove,Barry Edmonston,Cuba,Ciego de Ávila,22.518,-78.5189,0,call,,,field recording,https://xeno-canto.org/379741,https://xeno-canto.org/379741/download,XC379741-Mourning Dove.mp3,https://creativecommons.org/licenses/by-nc-sa/4.0/,B,0:22,14:00,2017-03-10,2017-07-14,,yes,no,,,no,,,44100,,22
1070678,Zenaida,macroura,,birds,Mourning Dove,Manuel Grosselet-Edgar del valle-Rebeca Martinez,Mexico,"Oaxaca International Airport (near  Santa Cruz Xoxocotlán), Santa Cruz Xoxocotlán, Oaxaca",17.014,-96.719,1500,flight call,,,field recording,https://xeno-canto.org/1070678,https://xeno-canto.org/1070678/download,XC1070678-Mourning-Dove-song-tequio-ene-3-958-DR0000_2971.wav,https://creativecommons.org/licenses/by-nc-sa/4.0/,B,0:21,09:58,2026-01-03,2026-01-05,"wildtronics mono amplified tascam dr05
",yes,no,,,no,tascam dr05,wildtronics mono amplified,44100,Haemorhous mexicanus; Tyrannus melancholicus; Pitangus sulphuratus,21
412632,Zenaida,macroura,,birds,Mourning Dove,Dan Minor,Canada,"Ottawa, Ottawa Division, Ontario",45.3854,-75.7571,70,call,,,field recording,https://xeno-canto.org/412632,https://xeno-canto.org/412632/download,XC412632-DR0000_0881.mp3,https://creativecommons.org/licenses/by-nc-sa/4.0/,B,0:45,06:30,2018-03-31,2018-04-28,Recorded using Tascam DR-05 and Sennheiser ME-66.,no,no,,,no,,,44100,Turdus migratorius; Cardinalis cardinalis; Poecile atricapillus,45
1068465,Zenaida,macroura,,birds,Mourning Dove,Marc Boisvert,Canada,"Cimetière Saint-François-de-Sales, Laval, Québec",45.6905,-73.6183,20,flight call,uncertain,adult,in the hand,https://xeno-canto.org/1068465,https://xeno-canto.org/1068465/download,XC1068465-totr.220927_0389.wav,https://creativecommons.org/licenses/by-nc-sa/4.0/,B,0:06,18:30,2022-09-27,2025-12-27,"EBird Québec observation Liste S119681088


En banlieu, petit cimetière près de la rivière, milieu ouvert quelques arbres feuillus et conifères,rue résidentiel tous près, église avec vielle chéminé pour les martinets et présbitaire, petit marais entouré de terre agricoles et friches. Vieille grange.

In the suburbs, small cemetery near the river, open environment with some deciduous and coniferous trees, residential street nearby, church with old chimney for swifts and presbiter, small marsh surrounded by agricultural and wasteland. Old barn.
",yes,no,,,no,Tascam DR-05x,,48000,Branta canadensis; Zonotrichia albicollis,6
493275,Zenaida,macroura,,birds,Mourning Dove,Sunny,Canada,Barriere,51.1645,-120.1254,380,song,,,field recording,https://xeno-canto.org/493275,https://xeno-canto.org/493275/download,XC493275-190412_1061_MODO.mp3,https://creativecommons.org/licenses/by-nc-sa/4.0/,B,0:42,08:00,2019-04-12,2019-08-19,,yes,no,,,no,,,44100,,42
939196,Zenaida,macroura,,birds,Mourning Dove,Brian Cox,Canada,"Lake Audy Road, Riding Mountain",50.72,-100.0574,600,song,male,adult,field recording,https://xeno-canto.org/939196,https://xeno-canto.org/939196/download,XC939196-LS104174B_Mourning_Dove_Lake_Audy_Rd.mp3,https://creativecommons.org/licenses/by-nc-sa/4.0/,B,0:14,16:00,2024-05-28,2024-10-10,,yes,no,,,no,Olympus LS10,Sennheiser ME66,44100,,14
523306,Zenaida,macroura,,birds,Mourning Dove,Jarrod Swackhamer,United States,"Hereford, Cochise County, Arizona",31.4312,-110.2366,1500,song,,,field recording,https://xeno-canto.org/523306,https://xeno-canto.org/523306/download,XC523306-MODO_012920_1130am.mp3,https://creativecommons.org/licenses/by-nc-sa/4.0/,B,0:06,11:30,2020-01-29,2020-01-30,,unknown,no,,,no,,,48000,,6
562010,Zenaida,macroura,carolinensis,birds,Mourning Dove,Russ Wigh,United States,"Skidaway Island, Chatham County, GA USA",31.9237,-81.0559,0,song,uncertain,adult,field recording,https://xeno-canto.org/562010,https://xeno-canto.org/562010/download,XC562010-Mourning Dove 25 May 2020.mp3,https://creativecommons.org/licenses/by-nc-sa/4.0/,B,0:35,07:00,2020-05-25,2020-05-25,Surprisingly difficult to record this common species out here.  Not a stellar editing job.  The low frequency and amplitude of this species create a challenge.,no,no,,,no,,,44100,,35
183364,Zenaida,macroura,,birds,Mourning Dove,Tim Marquardt,United States,"Salt River - Coon Bluff Recreation Area, Maricopa County, Arizona",33.5488,-111.6431,400,song,,,field recording,https://xeno-canto.org/183364,https://xeno-canto.org/183364/download,"XC183364-Dove, Mourning 2014.06.23.mp3",https://creativecommons.org/licenses/by-nc-sa/4.0/,B,0:36,18:37,2014-06-23,2014-06-24,,yes,no,,,no,,,44100,Cardinalis cardinalis,36
696319,Zenaida,macroura,,birds,Mourning Dove,Ed Pandolfino,United States,"Arastre Creek, San Bernardino County, California",34.2445,-116.7448,2000,song,,,field recording,https://xeno-canto.org/696319,https://xeno-canto.org/696319/download,XC696319-MODOs_ArrastreCrk_SBD_5-21-15_0659.mp3,https://creativecommons.org/licenses/by-nc-sa/4.0/,B,0:30,06:59,2015-05-21,2022-01-09,,yes,no,,,no,,,48000,,30
349471,Zenaida,macroura,,birds,Mourning Dove,Thomas Magarian,United States,"Cut Bank, Glacier County, Montana",48.635,-112.3305,1100,wing noise,,,field recording,https://xeno-canto.org/349471,https://xeno-canto.org/349471/download,XC349471-MODO_2016-05-29_Cut_Bank_MT_1912.mp3,https://creativecommons.org/licenses/by-nc-sa/4.0/,A,0:15,19:12,2016-05-29,2017-01-08,Recording amplified.,yes,no,,,no,,,48000,,15
995959,Zenaida,macroura,,birds,Mourning Dove,FREDERIC Lionel,Cuba,"Soroa, Candelaria, Pinar del Rio",22.7645,-82.9938,70,song,male,adult,field recording,https://xeno-canto.org/995959,https://xeno-canto.org/995959/download,XC995959-Tourterelle_triste_250414_Cuba.mp3,https://creativecommons.org/licenses/by-nc-sa/4.0/,A,1:02,11:00,2025-04-14,2025-05-08,,yes,no,,,no,zoom H5,,44100,,62
476933,Zenaida,macroura,,birds,Mourning Dove,David Darrell-Lambert,Canada,"Pelee (near  Leamington), Essex County, Ontario",41.9296,-82.5092,180,wings,,,field recording,https://xeno-canto.org/476933,https://xeno-canto.org/476933/download,"XC476933-Mourning Dove wings very good 2019 05 17 Point Pelee, Canada_1425_short.mp3",https://creativecommons.org/licenses/by-nc-sa/4.0/,A,0:09,16:30,2019-05-17,2019-05-26,,yes,no,,,no,,,48000,,9
574641,Zenaida,macroura,,birds,Mourning Dove,William Whitehead,United States,"Sandy Hook, Monmouth Co., NJ",40.451,-73.996,0,song,,,field recording,https://xeno-canto.org/574641,https://xeno-canto.org/574641/download,XC574641-MourningDove2.mp3,https://creativecommons.org/licenses/by-nc-sa/4.0/,B,0:49,08:00,2020-07-09,2020-07-09,Grove of Locust Trees,yes,no,,,no,,,48000,Setophaga ruticilla; Troglodytes aedon,49
730163,Zenaida,macroura,clarionesis,birds,Mourning Dove,Alán Palacios,Mexico,Isla Clarion,18.3515,-114.7271,10,alarm call,uncertain,adult,field recording,https://xeno-canto.org/730163,https://xeno-canto.org/730163/download,XC730163-Z. macroura clarionensis.mp3,https://creativecommons.org/licenses/by-nc-sa/4.0/,B,0:05,15:30,2022-03-05,2022-06-08,,yes,no,,,no,,,44100,,5
580701,Zenaida,macroura,,birds,Mourning Dove,Steve Hampton,United States,"Davis, Yolo County, CA",38.568,-121.763,20,song,,,field recording,https://xeno-canto.org/580701,https://xeno-canto.org/580701/download,XC580701-DR0000_1276.mp3,https://creativecommons.org/licenses/by-nc-sa/4.0/,A,0:36,06:00,2020-04-11,2020-08-04,,yes,no,,,no,,,44100,,36
613539,Zenaida,macroura,,birds,Mourning Dove,Peter Ward and Ken Hall,United States,"Deep Lake (Sun Lake), Washington",47.5869,-119.3413,400,call,,,field recording,https://xeno-canto.org/613539,https://xeno-canto.org/613539/download,XC613539-Mourning Dove.mp3,https://creativecommons.org/licenses/by-nc-sa/4.0/,A,0:34,06:30,1982-06-03,2021-01-07,/Users/peterward/Desktop/Dynamic mic AKG (D202E1) with Uher 4400 tape deck.pdf,yes,no,,,no,,,44100,,34
661720,Zenaida,macroura,marginella,birds,Mourning Dove,Richard E. Webster,Mexico,"Zona de Restauración Laguna Grande, Baja California",32.2003,-115.1111,10,"call, song",male,adult,field recording,https://xeno-canto.org/661720,https://xeno-canto.org/661720/download,XC661720-DOVE_Mourning_dawn_chorus Laguna Grande BC 20m 052121 0524.mp3,https://creativecommons.org/licenses/by-nc-sa/4.0/,A,1:40,05:24,2021-05-21,2021-07-06,songs as part of dove dawn chorus with two-note after 1:04;,yes,no,,,no,,,48000,Agelaius phoeniceus; Tyrannus verticalis; Zenaida asiatica; Pheucticus melanocephalus; Passerina caerulea; Icterus bullockii; Callipepla gambelii,100
179637,Zenaida,macroura,,birds,Mourning Dove,Martin St-Michel,Canada,"Pigeon Hill, Brome-Missisquoi, Québec",45.0287,-72.9243,90,flight call,,,field recording,https://xeno-canto.org/179637,https://xeno-canto.org/179637/download,XC179637-Mourning Dove (Saint-Armand-2014-05-17-16h29) LS112696.mp3,https://creativecommons.org/licenses/by-nc-sa/4.0/,B,0:08,16:29,2014-05-17,2014-05-26,"Habitat: edge of mature broadleaf forest, field.",yes,no,,,no,,,44100,,8
815803,Zenaida,macroura,carolinensis,birds,Mourning Dove,Richard E. Webster,United States,"Prairie State Park, MO",37.529,-94.5709,260,song,male,adult,field recording,https://xeno-canto.org/815803,https://xeno-canto.org/815803/download,XC815803-DOVE_Mourning-Prairie-SP-MO-250m-050923-1054.mp3,https://creativecommons.org/licenses/by-nc-sa/4.0/,B,3:50,10:54,2023-05-09,2023-07-11,"two birds, closer and farther, both of which moved, and then one chased the other off (audible wingbeats after 3:36) from the lower canopy of 20 m trees, inside forest;",yes,no,,,no,SD Mix Pre III,Wildtronics parabola,48000,Agelaius phoeniceus; Contopus virens; Baeolophus bicolor; Coccyzus americanus,230
1133528,Zenaida,macroura,,birds,Mourning Dove,Jim Berry,United States,"Harmony (near  Panama), Chautauqua County, New York",42.0311,-79.4401,440,song,uncertain,adult,field recording,https://xeno-canto.org/1133528,https://xeno-canto.org/1133528/download,XC1133528-260512_T0344_Mourning_Dove_WFWMA.wav,https://creativecommons.org/licenses/by-nc-sa/4.0/,A,3:21,09:00,2026-05-12,2026-05-15,"Normalized to -3 Db, Highpass Filter used at 250 Hz. ",no,no,,,no,Tascam DR-100 mkIII Linear PCM Recorder,Wildtronics Amplified Parabolic Microphone,48000,Catharus fuscescens; Agelaius phoeniceus; Melospiza melodia; Branta canadensis; Turdus migratorius; Melospiza georgiana; Setophaga coronata,201
732253,Zenaida,macroura,marginella,birds,Mourning Dove,Manuel Grosselet,Mexico,"Guadalupe Hidalgo, Soledad Etla, Oaxaca",17.1456,-96.8322,1600,song,,,field recording,https://xeno-canto.org/732253,https://xeno-canto.org/732253/download,XC732253-Mourning Dove song Soledad jun 16 916_0202.mp3,https://creativecommons.org/licenses/by-nc-sa/4.0/,B,0:39,09:16,2022-06-16,2022-06-16,"wildtronics mono amplified
TAscam Dr05",yes,no,,,no,,,44100,,39
583574,Zenaida,macroura,marginella,birds,Mourning Dove,Richard E. Webster,United States,"Round Valley, Chiricahua Mountains, Cochise Co., Arizona",31.957,-109.173,1300,song,male,adult,field recording,https://xeno-canto.org/583574,https://xeno-canto.org/583574/download,XC583574-DOVE_Mourning 4x Round V 1300m 032920 0733.mp3,https://creativecommons.org/licenses/by-nc-sa/4.0/,A,1:02,07:33,2020-03-29,2020-08-20,from an exposed perch on a side branch of a tree; first of two individuals recorded on this date;,yes,no,,,no,,,48000,Amphispiza bilineata,62
1106118,Zenaida,macroura,,birds,Mourning Dove,Manuel Grosselet,United States,"Carr Canyon (lower picnic area), near Hereford, AZ, Cochise County",31.4489,-110.283,1600,song,,,field recording,https://xeno-canto.org/1106118,https://xeno-canto.org/1106118/download,XC1106118-Morning-Dove-song-AZ-apr-25-719-DR0000_3503.wav,https://creativecommons.org/licenses/by-nc-sa/4.0/,B,0:16,07:19,2026-04-25,2026-05-07,wildtronics mini with stereo mic and tascam DR05,yes,no,,,no,tascam dr05,wildtronics mono amplified,44100,,16
583581,Zenaida,macroura,marginella,birds,Mourning Dove,Richard E. Webster,United States,"San Simon Cienega, Cochise County, Arizona",32.084,-109.051,1100,"song, wingbeats",uncertain,uncertain,field recording,https://xeno-canto.org/583581,https://xeno-canto.org/583581/download,XC583581-DOVE_Mourning_wing SSC 1100m 050320 0744.mp3,https://creativecommons.org/licenses/by-nc-sa/4.0/,A,0:07,07:44,2020-05-03,2020-08-20,,yes,no,,,no,,,48000,Callipepla gambelii; Leiothlypis luciae,7
583576,Zenaida,macroura,marginella,birds,Mourning Dove,Richard E. Webster,United States,"Round Valley, Chiricahua Mountains, Cochise Co., Arizona",31.957,-109.173,1300,song,male,adult,field recording,https://xeno-canto.org/583576,https://xeno-canto.org/583576/download,XC583576-DOVE_Mourning 6x Round V 1300m 041520 0813.mp3,https://creativecommons.org/licenses/by-nc-sa/4.0/,B,1:39,08:13,2020-04-15,2020-08-20,,yes,no,,,no,,,48000,Mimus polyglottos; Vireo bellii,99
451916,Zenaida,macroura,,birds,Mourning Dove,Paul Marvin,United States,"Buck Lake Conservation Area, Mims, Brevard County, Florida",28.6869,-80.9271,0,song,,,field recording,https://xeno-canto.org/451916,https://xeno-canto.org/451916/download,"XC451916-Mourning Dove -FL, Buck Lake CA west, June 25, 2018, 0741 AM.mp3",https://creativecommons.org/licenses/by-nc-sa/4.0/,B,0:59,07:41,2018-06-25,2019-01-17,,no,no,,,no,,,48000,Cardinalis cardinalis; Buteo lineatus,59
268205,Zenaida,macroura,marginella,birds,Mourning Dove,Richard E. Webster,United States,"Portal, Arizona",31.906,-109.1543,1400,song,,,field recording,https://xeno-canto.org/268205,https://xeno-canto.org/268205/download,XC268205-DOVE_Mourning 5x Portal 1400m 051915 0825.mp3,https://creativecommons.org/licenses/by-nc-sa/4.0/,B,1:16,08:25,2015-05-19,2015-08-14,,yes,no,,,no,,,44100,Setophaga aestiva; Melanerpes formicivorus; Pheucticus melanocephalus; Haemorhous mexicanus; Icterus cucullatus,76
141498,Zenaida,macroura,,birds,Mourning Dove,Mike Nelson,United States,"Kerr Wildlife Management Area, Kerr County, Texas",30.0801,-99.5027,650,song,,,field recording,https://xeno-canto.org/141498,https://xeno-canto.org/141498/download,XC141498-Mourning DoveTX2.mp3,https://creativecommons.org/licenses/by-nc-sa/3.0/,B,0:45,14:00,2013-06-28,2013-07-04,,yes,no,,,no,,,44100,,45
268214,Zenaida,macroura,marginella,birds,Mourning Dove,Richard E. Webster,United States,"San Bernardino National Wildlife Refuge, Cochise County, Arizona",31.34,-109.273,1100,nest coo,,,field recording,https://xeno-canto.org/268214,https://xeno-canto.org/268214/download,XC268214-DOVE_Mourning_c_one note SBNWR 1100m 051015 0853.mp3,https://creativecommons.org/licenses/by-nc-sa/4.0/,B,1:19,08:53,2015-05-10,2015-08-14,from deep in a mesquite thicket,no,no,,,no,,,44100,Setophaga aestiva; Parkesia noveboracensis; Geothlypis trichas; Columbina passerina; Thryomanes bewickii,79
141497,Zenaida,macroura,,birds,Mourning Dove,Mike Nelson,United States,"Kerr Wildlife Management Area, Kerr County, Texas",30.0801,-99.5027,650,song,,,field recording,https://xeno-canto.org/141497,https://xeno-canto.org/141497/download,XC141497-Mourning DoveTX1.mp3,https://creativecommons.org/licenses/by-nc-sa/3.0/,B,0:10,13:30,2013-06-28,2013-07-04,,yes,no,,,no,,,44100,,10
576068,Zenaida,macroura,,birds,Mourning Dove,Mario Reyes Jr,Honduras,"La Paz, Departamento de La Paz",14.3572,-87.6545,600,song,uncertain,uncertain,field recording,https://xeno-canto.org/576068,https://xeno-canto.org/576068/download,XC576068-macourar xeno_0766.mp3,https://creativecommons.org/licenses/by-nc-sa/4.0/,B,0:31,07:00,2020-06-22,2020-07-15,"Grabado en las lagunas de oxidación de La Paz, micrófono utilizado: Sennheiser ME66/K6 con windshield Auray WSS-2012 conectado a una Olympus LS-P4.",yes,no,,,no,,,44100,Thryophilus pleurostictus; Eumomota superciliosa; Columbina inca; Turdus grayi,31
153639,Zenaida,macroura,,birds,Mourning Dove,Paul Marvin,United States,"Coronado National Forest (near Chiricahua National Monument), Cochise County, Arizona",31.9724,-109.3479,1700,song,,,field recording,https://xeno-canto.org/153639,https://xeno-canto.org/153639/download,"XC153639-Mourning Dove -AZ,west side of Chiricahua NF, April 21, 2013, 0854 AM.mp3",https://creativecommons.org/licenses/by-nc-sa/3.0/,A,2:31,08:54,2013-04-21,2013-11-07,,no,no,,,no,,,48000,,151
329214,Zenaida,macroura,,birds,Mourning Dove,Antonio Xeira,United States,"Silverbrook, Rochester Hills, Oakland County, Michigan",42.7281,-83.199,300,song,,,field recording,https://xeno-canto.org/329214,https://xeno-canto.org/329214/download,XC329214-160729_0818 0830 P Silverbrook.mp3,https://creativecommons.org/licenses/by-nc-sa/4.0/,B,1:39,08:30,2016-07-29,2016-07-29,"Editing: Band-pass filter, frequency 200 Hz to 2kHz, some amplification.

Equipment: Olympus WS-822 digital recorder with Wildtronics Mono amplified parabolic microphone.
",yes,no,,,no,,,44100,,99
601750,Zenaida,macroura,,birds,Mourning Dove,Christopher McPherson,United States,"Brookline, Hillsborough County, New Hampshire",42.7134,-71.6445,70,call,uncertain,adult,field recording,https://xeno-canto.org/601750,https://xeno-canto.org/601750/download,XC601750-Mourning Dove_11May2020_Brookline NH.mp3,https://creativecommons.org/licenses/by-nc-sa/4.0/,B,1:28,13:30,2020-05-11,2020-11-11,,yes,no,,,no,,,48000,Setophaga pinus; Melospiza melodia; Turdus migratorius,88
772250,Zenaida,macroura,,birds,Mourning Dove,Paul Driver,United States,"Elkins Park, PA",,,60,song,,,field recording,https://xeno-canto.org/772250,https://xeno-canto.org/772250/download,XC772250-MOURNING-DOVE-Elkins-Park-PA-5.59am-05142018.mp3,https://creativecommons.org/licenses/by-nc-sa/4.0/,B,0:33,06:00,2018-05-14,2022-12-30,nest coo,yes,no,,,no,,,44100,,33
268206,Zenaida,macroura,marginella,birds,Mourning Dove,Richard E. Webster,United States,"San Bernardino National Wildlife Refuge, Cochise County, Arizona",31.34,-109.273,1100,song,,,field recording,https://xeno-canto.org/268206,https://xeno-canto.org/268206/download,XC268206-DOVE_Mourning 5x SBNWR 1100m 051715 1130.mp3,https://creativecommons.org/licenses/by-nc-sa/4.0/,A,1:29,11:30,2015-05-17,2015-08-14,,yes,no,,,no,,,44100,Columbina passerina; Vireo bellii; Callipepla gambelii,89
451819,Zenaida,macroura,,birds,Mourning Dove,Paul Marvin,United States,"River Lakes Conservation Area near Viera, Brevard Co, Florida",28.229,-80.813,0,song,,,field recording,https://xeno-canto.org/451819,https://xeno-canto.org/451819/download,"XC451819-Mourning Dove -FL, River Lakes, March 19, 2018, 1007 AM.mp3",https://creativecommons.org/licenses/by-nc-sa/4.0/,A,1:58,10:07,2018-03-19,2019-01-16,,yes,no,,,no,,,48000,Setophaga pinus; Cardinalis cardinalis,118
583577,Zenaida,macroura,marginella,birds,Mourning Dove,Richard E. Webster,United States,"San Simon Cienega, Cochise County, Arizona",32.084,-109.051,1100,song,male,adult,field recording,https://xeno-canto.org/583577,https://xeno-canto.org/583577/download,XC583577-DOVE_Mourning 9x SSC 1100m A 041420 0752.mp3,https://creativecommons.org/licenses/by-nc-sa/4.0/,A,2:27,07:52,2020-04-14,2020-08-20,singing from a semi-exposed perch 3 m up on a leafless mesquite;,yes,no,,,no,,,48000,Haemorhous mexicanus; Zenaida macroura; Vireo bellii,147
389084,Zenaida,macroura,,birds,Mourning Dove,Antonio Xeira,United States,"Cranberry Lake Park, Oakland County, Michigan",42.7865,-83.1459,300,"song, partial coo",,,field recording,https://xeno-canto.org/389084,https://xeno-canto.org/389084/download,XC389084-160526_0704 0900 Cranberry Lake_Mourning Dove Partial Coo.mp3,https://creativecommons.org/licenses/by-nc-sa/4.0/,B,0:20,09:00,2016-05-26,2017-10-10,"Editing: Some amplification and cleaning over 1.5 kHz.

Equipment: Olympus WS-822 digital recorder with Audio-technica ATR 6550 shotgun.",no,no,,,no,,,44100,,20
268212,Zenaida,macroura,marginella,birds,Mourning Dove,Richard E. Webster,United States,"San Simon Cienega, Cochise County, Arizona",32.084,-109.051,1100,song,,,field recording,https://xeno-canto.org/268212,https://xeno-canto.org/268212/download,XC268212-DOVE_Mourning SSC 1100m 050515 0919.mp3,https://creativecommons.org/licenses/by-nc-sa/4.0/,B,7:23,09:19,2015-05-05,2015-08-14,singing from medium height in a willow tree; interval shortened (long recording of same bird excerpted from Warbling Vireo recording); background birds filtered at higher frequencies,yes,no,,,no,,,44100,Setophaga aestiva; Mimus polyglottos; Zenaida asiatica; Haemorhous mexicanus; Vireo gilvus; Leiothlypis luciae,443
940520,Zenaida,macroura,marginella,birds,Mourning Dove,Richard E. Webster,United States,"Las Cienegas NCA (lower Cienega Creek), Pima County, Arizona",31.8241,-110.5886,1300,"call, song, display",male,adult,field recording,https://xeno-canto.org/940520,https://xeno-canto.org/940520/download,XC940520-DOVE_Mourning_c_display_interact-Cienega-Creek-1300m-060823-0507.mp3,https://creativecommons.org/licenses/by-nc-sa/4.0/,B,1:55,05:07,2023-06-08,2024-10-14,"recording starts with song from two birds, then after 0:28, a fascinating display and interaction, two birds with quivering wings on perches and low one-note 'wow' calls, then chasing and fluttering, moving off with uncertain resolution (to me); in the last third, many little crackles, not sure if I was doing something wrong at my end, or the doves were producing a click; loudest wing fluttering for 10 seconds from 0:40; calling from 0:28 to the departure after 1:52; loud other birds makes the recording a 'B' in other ways, but an 'A' for its unusualness to me; ",yes,no,,,no,SD Mix Pre 3 II,Wildtronics parabola,48000,Setophaga aestiva; Geothlypis trichas; Pyrocephalus obscurus; Melanerpes uropygialis; Rallus limicola; Tyrannus vociferans,115
381111,Zenaida,macroura,,birds,Mourning Dove,Manuel Grosselet,Mexico,"General Bravo, Nuevo León",25.7581,-98.7098,260,song,,,field recording,https://xeno-canto.org/381111,https://xeno-canto.org/381111/download,XC381111-Mourning Dove Song Guajaurdo La china NL Seen A.mp3,https://creativecommons.org/licenses/by-nc-sa/4.0/,A,0:53,08:00,2017-07-16,2017-07-26,Wildtronics mono amplified DR05,yes,no,,,no,,,44100,,53
860758,Zenaida,macroura,,birds,Mourning Dove,Sue Riffe,United States,"Buckhorn SP, Juneau County, Wisconsin",43.9367,-90.0095,280,song,uncertain,uncertain,field recording,https://xeno-canto.org/860758,https://xeno-canto.org/860758/download,XC860758-Mourning-Dove-on-6.21.23-at-20.31-for-.28-at-Buckhorn-SP-Juneau-Cty-WI.mp3,https://creativecommons.org/licenses/by-nc-sa/4.0/,B,0:28,20:31,2023-06-21,2024-01-08,,no,no,,,no,iPhone 13,,44100,Pipilo erythrophthalmus; Tyrannus tyrannus; Spizella pusilla; Turdus migratorius; Dumetella carolinensis,28
661722,Zenaida,macroura,marginella,birds,Mourning Dove,Richard E. Webster,Mexico,"Zona de Restauración Laguna Grande, Baja California",32.2003,-115.1111,10,wing sounds on flushing and flying again,uncertain,adult,field recording,https://xeno-canto.org/661722,https://xeno-canto.org/661722/download,"XC661722-DOVE_Mourning_flush from nest Laguna Grande, Baja 20m 051521 0551.mp3",https://creativecommons.org/licenses/by-nc-sa/4.0/,B,0:14,05:51,2021-05-15,2021-07-06,"wing sounds as it flushed from a nest a few meters up next to which I had been standing for several minutes, unaware, then softer, more distant regular wing sounds as it flew again after 0:11; others singing in the background;",yes,no,,,no,,,48000,Dryobates scalaris; Icterus bullockii; Zenaida macroura,14
