id,gen,sp,ssp,grp,en,rec,cnt,loc,lat,lon,alt,type,sex,stage,method,url,file,file-name,lic,q,length,time,date,uploaded,rmk,animal-seen,playback-used,temp,regnr,auto,dvc,mic,smp,also
550997,Agelaius,phoeniceus,,birds,Red-winged Blackbird,Sue Riffe,United States,"Beebe Draw, Weld County, Colorado",40.276,-104.6239,1500,"call, song","female, male",adult,field recording,https://xeno-canto.org/550997,https://xeno-canto.org/550997/download,XC550997-Red-winged Blackbirds in Weld Cty CO 4.22.20 at 16.06 for 1.10.mp3,https://creativecommons.org/licenses/by-nc-sa/4.0/,A,1:10,16:06,2020-04-22,2020-04-26,Natural vocalization of 150 males and females while in the grass. Also in group was about 25 YHBL.,yes,no,,,no,,,48000,Xanthocephalus xanthocephalus
383945,Agelaius,phoeniceus,,birds,Red-winged Blackbird,Antonio Xeira,United States,Hisle Park,38.0695,-84.3933,300,call,,,field recording,https://xeno-canto.org/383945,https://xeno-canto.org/383945/download,XC383945-150416 Hisle Farm_BBird.mp3,https://creativecommons.org/licenses/by-nc-sa/4.0/,B,0:25,?,2015-04-16,2017-08-23,"Editing: High-pass filter, cutoff frequency 1kHz, some amplification.

Equipment: Olympus WS-822 digital recorder with Audio-technica ATR 6550 shotgun.",yes,no,,,no,,,44100,
729953,Agelaius,phoeniceus,,birds,Red-winged Blackbird,Jorge de Leon Cardozo &amp; Susan Hochgraf,United States,"Connecticut Audubon Society at Trail Wood (near  Hampton), Windham County, Connecticut",41.8087,-72.0647,170,song,male,adult,field recording,https://xeno-canto.org/729953,https://xeno-canto.org/729953/download,"XC729953-Red-winged Blackbird, Agelaius phoeniceus (MALE)  June 5, 2022, 900AM  Trail wood, Teal Sanctuary, CT..MP3",https://creativecommons.org/licenses/by-nc-sa/4.0/,B,1:20,09:00,2022-06-05,2022-06-07,adult male calling from tall tree near the nest where female was sitting,yes,no,,,no,,,48000,
561686,Agelaius,phoeniceus,phoeniceus,birds,Red-winged Blackbird,Russ Wigh,United States,"Skidaway Island, Chatham County, GA USA",31.9237,-81.0559,0,alarm call,,,field recording,https://xeno-canto.org/561686,https://xeno-canto.org/561686/download,XC561686-Red-winged Blackbird 'Seer' Alarm.mp3,https://creativecommons.org/licenses/by-nc-sa/4.0/,A,0:23,07:00,2020-05-24,2020-05-24,"Nesting in low lying vegetation next to freshwater lagoon.  Interesting alarm call.  A loud single 'seer' between 4 and 5kHz with harmonics stretching  well beyond 16kHz.
",yes,no,,,no,,,48000,
121584,Agelaius,phoeniceus,,birds,Red-winged Blackbird,Chris Harrison,United States,"Canadian, Hemphill, Texas",35.9156,-100.2967,700,"call, song",,,field recording,https://xeno-canto.org/121584,https://xeno-canto.org/121584/download,XC121584-Red-winged_Blackbird_Gene_Howe_1.mp3,https://creativecommons.org/licenses/by-nc-sa/3.0/,A,0:38,13:52,2011-05-26,2013-02-15,Solitary male.,yes,no,,,no,,,32000,
375510,Agelaius,phoeniceus,phoeniceus,birds,Red-winged Blackbird,Greg Irving,United States,"Nelson Lake Marsh Reserve, Kane County, Illinois",41.836,-88.3793,220,"call, flight call",male,,field recording,https://xeno-canto.org/375510,https://xeno-canto.org/375510/download,XC375510-190 Blackbird - Red-winged (Agelaius p. phoeniceus) CallsMale JUN 1245h 210m NelsonLakeIL_GI_0035.mp3,https://creativecommons.org/licenses/by-nc-sa/4.0/,A,3:38,12:45,2017-06-13,2017-06-15,"Male in display perched quite close, with occasional flight. ",yes,no,,,no,,,48000,
168634,Agelaius,phoeniceus,,birds,Red-winged Blackbird,Paul Driver,United States,"Palmyra, NJ",40.0038,-75.045,0,call,male,,field recording,https://xeno-canto.org/168634,https://xeno-canto.org/168634/download,XC168634-RED-WINGED BLACKBIRD male queh and hoo calls Palmyra NJ 71506BIAS.mp3,https://creativecommons.org/licenses/by-nc-sa/3.0/,A,0:25,08:00,2006-07-15,2014-03-04,,yes,no,,,no,,,44100,
1098833,Agelaius,phoeniceus,,birds,Red-winged Blackbird,Ray Cooke,Canada,"Watervale, Marsh Mooney Rt 257",46.2707,-62.8817,30,song,male,adult,field recording,https://xeno-canto.org/1098833,https://xeno-canto.org/1098833/download,"XC1098833-220507--0753--Red-winged-Blackbird-Watervale,-Marsh-Mooney-Rt-257,-cora-cogr-swsp.wav",https://creativecommons.org/licenses/by-nc-sa/4.0/,B,1:43,07:53,2020-05-07,2026-04-13,SNR 42dB(ISO/ITU) B.,yes,no,,,no,Zoom h4n Pro,Sennheiser ME66,96000,Melospiza melodia; Quiscalus quiscula; Melospiza georgiana
467103,Agelaius,phoeniceus,californicus,birds,Red-winged Blackbird,Steve Hampton,United States,"Rd 95A, Yolo County, California",38.5441,-121.8544,30,song,,,field recording,https://xeno-canto.org/467103,https://xeno-canto.org/467103/download,XC467103-DR0000_1021 RWBL.mp3,https://creativecommons.org/licenses/by-nc-sa/4.0/,A,0:26,10:30,2019-03-31,2019-04-17,,yes,no,,,no,,,44100,Sturnella neglecta
737192,Agelaius,phoeniceus,gubernator,birds,Red-winged Blackbird,Manuel Grosselet,Mexico,"Parque Estatal Sierra Morelos, Toluca de Lerdo, Toluca, Estado de México",19.309,-99.6935,2700,call,male,,field recording,https://xeno-canto.org/737192,https://xeno-canto.org/737192/download,XC737192-Red-winged Backbird calls maleSierra morelos jul 12 1031_0436.mp3,https://creativecommons.org/licenses/by-nc-sa/4.0/,A,0:40,10:31,2022-07-12,2022-07-13,"wildtronics mono amplified
Tascam Dr05",yes,no,,,no,,,44100,Fulica americana
177302,Agelaius,phoeniceus,,birds,Red-winged Blackbird,Paul Marvin,United States,"River Lakes Conservation Area near Viera, Brevard Co, Florida",28.229,-80.813,0,"call, song",male,,field recording,https://xeno-canto.org/177302,https://xeno-canto.org/177302/download,"XC177302-Red-winged Blackbird male singing and calling from bush by fence and canal on ranch grassland -FL, River Lakes, Apr 26, 2014, 0823 AM.mp3",https://creativecommons.org/licenses/by-nc-sa/4.0/,B,1:07,08:23,2014-04-26,2014-05-05,on fence by small canal through ranch grassland,yes,no,,,no,,,48000,
239462,Agelaius,phoeniceus,phoeniceus,birds,Red-winged Blackbird,Daniel Parker,United States,"Yard, Croton, New York",,,?,"call, song",,,field recording,https://xeno-canto.org/239462,https://xeno-canto.org/239462/download,XC239462-Red_winged_Blackbird_17.mp3,https://creativecommons.org/licenses/by-nc-sa/4.0/,B,1:20,13:45,2015-05-02,2015-05-02,Songs and calls from several birds.,no,no,,,no,,,44100,Setophaga aestiva; Baeolophus bicolor; Haemorhous mexicanus
545854,Agelaius,phoeniceus,fortis,birds,Red-winged Blackbird,Richard E. Webster,United States,"Clover Valley, Elko County, Nevada",40.9217,-115.0335,1700,"call, song",male,adult,field recording,https://xeno-canto.org/545854,https://xeno-canto.org/545854/download,XC545854-BLACKBI_Red-win_c_s Clover V NEV 1700m 061218 1051.mp3,https://creativecommons.org/licenses/by-nc-sa/4.0/,B,5:43,10:51,2018-06-12,2020-04-14,"apparently a buzzy song, unless it is an alarm call; interval shortened at 1:23;",yes,no,,,no,,,44100,Sturnella neglecta; Euphagus cyanocephalus; Numenius americanus
351557,Agelaius,phoeniceus,nyaritensis,birds,Red-winged Blackbird,Frank Lambert,Mexico,"Cocodrilario de San Blas, Nayarit",21.5287,-105.206,20,song,,,field recording,https://xeno-canto.org/351557,https://xeno-canto.org/351557/download,"XC351557-Agelaius_phoeniceus_nyaritensis-FL song Cocodrilario de San Blas, Nayarit 7.18am 11Apr15 LS115392b.mp3",https://creativecommons.org/licenses/by-nc-nd/4.0/,B,0:54,07:18,2015-04-11,2017-01-20,,yes,no,,,no,,,48000,
160717,Agelaius,phoeniceus,,birds,Red-winged Blackbird,Ian Cruickshank,Canada,"3 km south of Fishing Lake, SK",51.77586,-103.58164,,song,,,field recording,https://xeno-canto.org/160717,https://xeno-canto.org/160717/download,XC160717-IAC 2013-06-04 T19-33-08 rwbl.mp3,https://creativecommons.org/licenses/by-nc-nd/3.0/,B,0:08,19:33,2013-06-04,2013-12-26,"

Recorded on a Marantz PMD661 recorder using a Sennheiser ME66 microphone.",unknown,no,,,no,,,48000,
172441,Agelaius,phoeniceus,,birds,Red-winged Blackbird,Eric DeFonso,United States,"Sawhill Ponds, Boulder County, Colorado",40.0392,-105.1945,1600,song,,,field recording,https://xeno-canto.org/172441,https://xeno-canto.org/172441/download,XC172441-20130405-0859-N054-US-CO-Boulder-Sawhill Ponds-Red-winged Blackbird_alt song.mp3,https://creativecommons.org/licenses/by-nc-sa/4.0/,B,2:06,08:59,2013-04-05,2014-04-05,Alternate song? type from male perched in short tree on edge of pond.,yes,no,,,no,,,48000,Branta canadensis; Turdus migratorius; Charadrius vociferus
909304,Agelaius,phoeniceus,,birds,Red-winged Blackbird,Ed Pandolfino,United States,"Yolo Bypass Wildlife Area, Yolo County, CA",38.5431,-121.6201,0,"call, song",male,,field recording,https://xeno-canto.org/909304,https://xeno-canto.org/909304/download,XC909304-RWBLs-c_YBWA_YOL_5-30-24_0643.mp3,https://creativecommons.org/licenses/by-nc-sa/4.0/,B,0:58,06:43,2024-05-30,2024-05-31,,yes,no,,,no,Nagra Seven,Sennheiser MKH20,48000,
175040,Agelaius,phoeniceus,,birds,Red-winged Blackbird,Martin St-Michel,Canada,"Marais Léon-Provancher, Portneuf, Québec",46.7179,-71.5345,10,"call, song",male,,field recording,https://xeno-canto.org/175040,https://xeno-canto.org/175040/download,XC175040-Red-winged Blackbird (Marais Leon-Provancher-2014-04-18-08h15) LS112664.mp3,https://creativecommons.org/licenses/by-nc-sa/4.0/,A,1:49,08:15,2014-04-18,2014-04-18,One individual calling from the top of a tree. Habitat: marsh and grassland.,yes,no,,,no,,,44100,
425134,Agelaius,phoeniceus,,birds,Red-winged Blackbird,Bobby Wilcox,United States,"Tama (near  Burlington), Des Moines, Iowa",40.8918,-91.0756,220,alarm call,male,,field recording,https://xeno-canto.org/425134,https://xeno-canto.org/425134/download,XC425134-180715_2674 RWBL alarm 30ft Farm 1630 mp3 amp.mp3,https://creativecommons.org/licenses/by-nc-sa/4.0/,B,0:29,16:30,2018-07-15,2018-07-16,"Flew from presumed nest site in prairie to land in a tree above me and scold me while looking down at me, about 30ft away. ",yes,no,,,no,,,48000,
357664,Agelaius,phoeniceus,,birds,Red-winged Blackbird,Thomas G. Graves,United States,"Merced National Wildlife Refuge, Merced County, California",37.1779,-120.6158,30,"call, song",,,field recording,https://xeno-canto.org/357664,https://xeno-canto.org/357664/download,"XC357664-18 Merced National Wildlife Refuge, Red-winged Blackbird, 02-13-17.mp3",https://creativecommons.org/licenses/by-nc-sa/4.0/,A,2:04,9:30,2017-02-13,2017-03-04,"Nice pattern: the ""conk-coree"" call followed by two or three call notes of one type, then several call notes of another type. This pattern repeated 21 times then  ended with 4 more notes of two types.",yes,no,,,no,,,48000,Sturnella neglecta; Charadrius vociferus
404500,Agelaius,phoeniceus,,birds,Red-winged Blackbird,Dan Minor,Canada,"Ottawa, Ottawa Division, Ontario",45.3698,-75.7899,60,"call, song",,,field recording,https://xeno-canto.org/404500,https://xeno-canto.org/404500/download,XC404500-DR0000_0875.mp3,https://creativecommons.org/licenses/by-nc-sa/4.0/,A,2:45,07:00,2018-03-04,2018-03-05,"Red-winged blackbird singing from a low shrub with calls in between songs. Other red-winged blackbirds are audible in the background.

Recorded using a Sennheiser ME66 and a Tascam DR-05.",yes,no,,,no,,,44100,Corvus brachyrhynchos; Branta canadensis
597738,Agelaius,phoeniceus,,birds,Red-winged Blackbird,Simon Elliott,Canada,"Okanagan-Similkameen, British Columbia",49.0156,-119.4539,280,call,,adult,field recording,https://xeno-canto.org/597738,https://xeno-canto.org/597738/download,XC597738-RWBbd-8607d01.mp3,https://creativecommons.org/licenses/by-nc-nd/4.0/,A,0:07,06:30,2000-07-31,2020-10-25,,yes,no,,,no,,,44100,
638309,Agelaius,phoeniceus,,birds,Red-winged Blackbird,Christopher McPherson,United States,"Beaver Brook Great Meadow, Hollis, Hillsborough County, New Hampshire",42.7052,-71.615,60,song,male,adult,field recording,https://xeno-canto.org/638309,https://xeno-canto.org/638309/download,XC638309-Red-winged Blackbird_20Mar2021_GM BBA Hollis NH.mp3,https://creativecommons.org/licenses/by-nc-sa/4.0/,A,1:28,08:00,0000-00-00,2021-04-12,,yes,no,,,no,,,44100,Branta canadensis; Quiscalus quiscula; Zenaida macroura
420963,Agelaius,phoeniceus,,birds,Red-winged Blackbird,GABRIEL LEITE,United States,"Caroline (near  Brooktondale), Tompkins County, New York",42.3306,-76.3351,460,call,male,,field recording,https://xeno-canto.org/420963,https://xeno-canto.org/420963/download,XC420963-Agelaius phoeniceus_Shindagin_ML0282062.mp3,https://creativecommons.org/licenses/by-nc-sa/4.0/,B,0:41,07:30,2018-06-13,2018-06-18,,yes,no,,,no,,,48000,
184948,Agelaius,phoeniceus,,birds,Red-winged Blackbird,Mario Trejo,El Salvador,La Paz,13.3545,-89.0327,10,viento marino,male,,field recording,https://xeno-canto.org/184948,https://xeno-canto.org/184948/download,XC184948-Agelaius phoeniceus.mp3,https://creativecommons.org/licenses/by-nc-sa/4.0/,B,0:28,10:30,2014-06-17,2014-07-03,"En medio de un manglar, diversas aves se escuchaban cantar.",yes,no,,,no,,,44100,Sporophila morelleti; Pitangus sulphuratus
149429,Agelaius,phoeniceus,,birds,Red-winged Blackbird,Dugan Maynard,Canada,"Wood Buffalo (near  Fort McMurray), Division No. 16, Alberta",56.7264,-111.3803,260,call,,,field recording,https://xeno-canto.org/149429,https://xeno-canto.org/149429/download,XC149429-R52.mp3,https://creativecommons.org/licenses/by-nc-sa/3.0/,B,0:06,22:00,2013-06-16,2013-10-01,,no,no,,,no,,,44100,Agelaius phoeniceus; Catharus ustulatus; Cistothorus palustris; Podiceps grisegena
980152,Agelaius,phoeniceus,aciculatus,birds,Red-winged Blackbird,Matthew L. Brady,United States,"Kelso Valley Rd., Onyx, Kern County, California",35.5911,-118.2402,950,song,male,adult,field recording,https://xeno-canto.org/980152,https://xeno-canto.org/980152/download,XC980152-MLB_250226_RWBL_KelsoValleyRd_KER_CA.wav,https://creativecommons.org/licenses/by-nc-sa/4.0/,B,0:25,09:09,2025-02-26,2025-03-13,Song from a few individuals in desert riparian. Unfortunately they were not especially confiding.,yes,no,,,no,iPhone 15 Pro,internal,44100,Colaptes auratus; Streptopelia decaocto
569606,Agelaius,phoeniceus,,birds,Red-winged Blackbird,Isain Contreras Rodríguez,Mexico,"Topolobampo, Ahome, Sinaloa",25.6036,-109.0521,40,"call, flight call",,,field recording,https://xeno-canto.org/569606,https://xeno-canto.org/569606/download,"XC569606-200617_0198 RWBB male in fligth, topolomambo sin.mp3",https://creativecommons.org/licenses/by-nc-sa/4.0/,A,0:07,07:00,2020-06-17,2020-06-17,"mic. Parabólico MA1Len 13"" enTascam-DR40x",yes,no,,,no,,,48000,
1039630,Agelaius,phoeniceus,,birds,Red-winged Blackbird,Thomas Magarian,United States,"Ralph Dean Recreation Park, Luray, Page County, Virginia",38.651,-78.4514,260,call,"female, male",adult,field recording,https://xeno-canto.org/1039630,https://xeno-canto.org/1039630/download,XC1039630-RWBL_BHCO_2025-01-14_Ralph_Dean_Recreation_Park_Page_County_VA_1149(2).wav,https://creativecommons.org/licenses/by-nc-nd/4.0/,B,1:09,11:49,2025-01-14,2025-09-14,,yes,no,,,no,SD MixPre-3 II,Sennheiser MKH-70,96000,Molothrus ater
131651,Agelaius,phoeniceus,,birds,Red-winged Blackbird,Jonathon Jongsma,United States,"Theodore Wirth Park, Minneapolis, Hennepin, Minnesota",44.977,-93.324,260,call,,,field recording,https://xeno-canto.org/131651,https://xeno-canto.org/131651/download,XC131651-JMJ-20130427-065656-0770-USA-MN-TheodoreWirth-RWBL.mp3,https://creativecommons.org/licenses/by-sa/3.0/,B,3:55,06:56,2013-04-27,2013-04-27,"A rather strange, grating 'mewling' call from a female-plumaged bird foraging in *Typha* wetland.  The plumage appeared slightly darker than typical female plumage, so it's possible that it was a first-year male...

Filtered low frequencies for traffic noise.  Recorded with Olympus LS-10S and Sennheiser ME66.",yes,no,,,no,,,44100,Melospiza melodia; Cardinalis cardinalis; Charadrius vociferus
498956,Agelaius,phoeniceus,,birds,Red-winged Blackbird,Jacob Saucier,United States,"Saucier pond, Plaucheville, Avoyelles Parish, Louisiana",30.9717,-91.9923,10,song,male,juvenile,field recording,https://xeno-canto.org/498956,https://xeno-canto.org/498956/download,XC498956-LA2017 JRS 49X50_a_xc.mp3,https://creativecommons.org/licenses/by-nc-sa/4.0/,A,1:25,10:00,2017-04-09,2019-09-24,undeveloped song of immature male (in female-type plumage); combined recording; Field Number: LA2017 JRS 49 & LA2017 JRS 50,yes,no,,,no,,,48000,
318816,Agelaius,phoeniceus,,birds,Red-winged Blackbird,Joshua Jaeger,United States,"Santee, San Diego County, California",32.841,-117.0317,90,call,male,,field recording,https://xeno-canto.org/318816,https://xeno-canto.org/318816/download,XC318816-Male RW Blackbird Kumeyaay Lake 4_58.mp3,https://creativecommons.org/licenses/by-nc-sa/4.0/,A,0:21,16:58,2016-05-23,2016-05-28,"This male assumed a position on a tree, and appeared agitated by my appearance, as every time I took only a few paces, it was pacing on the branch and changing location quickly.  Blackbirds were already observed chasing other birds over the lake that day.",yes,no,,,no,,,44100,Setophaga aestiva; Geothlypis trichas
235775,Agelaius,phoeniceus,,birds,Red-winged Blackbird,Danny Zapata-Henao,United States,"Sugar Land, Fort Bend County, Texas",29.5838,-95.6567,20,flight call,female,,field recording,https://xeno-canto.org/235775,https://xeno-canto.org/235775/download,XC235775-Watertrush.mp3,https://creativecommons.org/licenses/by-nc-sa/4.0/,B,0:05,16:18,2015-04-01,2015-04-15,The background sounds are single note calls  from male Red-winged Blackbirds.,yes,no,,,no,,,44100,
428670,Agelaius,phoeniceus,,birds,Red-winged Blackbird,Wesley Rajaleelan,Canada,"High Park, Toronto, Toronto Division, Ontario",43.6465,-79.4637,110,call,,,field recording,https://xeno-canto.org/428670,https://xeno-canto.org/428670/download,XC428670-rwbb.mp3,https://creativecommons.org/licenses/by-nc-sa/4.0/,A,0:18,07:00,2018-07-20,2018-07-28,Roosting,yes,no,,,no,,,44100,
579928,Agelaius,phoeniceus,,birds,Red-winged Blackbird,Scott Olmstead,United States,"Page Springs Campground, Harney County, Oregon",42.8048,-118.8669,1300,call,"female, male",,field recording,https://xeno-canto.org/579928,https://xeno-canto.org/579928/download,XC579928-2020-07-13-Red-winged Blackbird calls-Page Springs CG-OR-SOlmstead.mp3,https://creativecommons.org/licenses/by-nc-sa/4.0/,A,1:57,06:15,2020-07-13,2020-07-30,Both male and female are heard calling on this cut.,yes,no,,,no,,,44100,Setophaga aestiva; Catherpes mexicanus
112496,Agelaius,phoeniceus,,birds,Red-winged Blackbird,Liam Wolff,United States,"Augusta, Richmond, Georgia",33.3847,-81.9647,40,call,male,,field recording,https://xeno-canto.org/112496,https://xeno-canto.org/112496/download,XC112496-02 Red-Winged Blackbird.mp3,https://creativecommons.org/licenses/by-nc-sa/3.0/,B,0:10,07:15,2011-07-12,2012-11-09,,yes,no,,,no,,,48000,
361654,Agelaius,phoeniceus,,birds,Red-winged Blackbird,Matt Wistrand,United States,"Elsen's Hill, DuPage County, Illinois",41.8605,-88.1756,240,"song, tsew",male,,field recording,https://xeno-canto.org/361654,https://xeno-canto.org/361654/download,"XC361654-RWBL - Song, Tsew - Elsen's Hill - 2017-03-26 11_49_01.mp3",https://creativecommons.org/licenses/by-nc-sa/4.0/,A,3:14,11:49,2017-03-26,2017-03-27,,yes,no,,,no,,,48000,Cardinalis cardinalis
131015,Agelaius,phoeniceus,,birds,Red-winged Blackbird,Mike Nelson,United States,"Robert K. Rees State Park, New Port Richey, Pasco, Florida",28.2541,-82.7557,0,"call, song",,,field recording,https://xeno-canto.org/131015,https://xeno-canto.org/131015/download,XC131015-Red-winged BlackbirdFL3.mp3,https://creativecommons.org/licenses/by-nc-sa/3.0/,B,0:47,08:00,2013-04-03,2013-04-21,,yes,no,,,no,,,44100,
598458,Agelaius,phoeniceus,,birds,Red-winged Blackbird,Peter Ward and Ken Hall,Canada,"Jericho Beach Park (near  Vancouver), Metro Vancouver, British Columbia",49.272,-123.1965,10,song,male,adult,field recording,https://xeno-canto.org/598458,https://xeno-canto.org/598458/download,XC598458-42 Track 42.mp3,https://creativecommons.org/licenses/by-nc-sa/4.0/,A,1:10,07:00,2003-05-01,2020-10-28,"Mono recording, one Sennheiser mic. with Marantz cassette recorder",yes,no,,,no,,,44100,Anas platyrhynchos
134019,Agelaius,phoeniceus,,birds,Red-winged Blackbird,Dan Lane,United States,"Manomet Bird Observatory, Manomet, Plymouth County, Massachusetts",41.92,-70.543,20,"call, song",,,field recording,https://xeno-canto.org/134019,https://xeno-canto.org/134019/download,XC134019-Agelaius phoeniceus94-1.mp3,https://creativecommons.org/licenses/by-nc-sa/3.0/,B,1:00,?,1994-04-17,2013-05-18,Song and calls from a male in coastal second growth around cranberry bog. Some 'tape wobble'.,yes,no,,,no,,,44100,Melospiza melodia; Tachycineta bicolor; Cyanocitta cristata
781079,Agelaius,phoeniceus,,birds,Red-winged Blackbird,Nancy Salem,United States,"Ken Malloy Harbor Regional Park (near  Los Angeles), Los Angeles County, California",33.7837,-118.2949,10,"call, song",male,adult,field recording,https://xeno-canto.org/781079,https://xeno-canto.org/781079/download,XC781079-20230218-065330-0001.mp3,https://creativecommons.org/licenses/by-nc-sa/4.0/,A,0:36,07:00,2023-02-18,2023-02-18,,yes,no,,,no,iPhone,iPhone,22050,Geothlypis trichas
840367,Agelaius,phoeniceus,,birds,Red-winged Blackbird,Michael Hurben,United States,"Bush Lake Beach, Bloomington, MN",44.8372,-93.3769,260,,male,adult,field recording,https://xeno-canto.org/840367,https://xeno-canto.org/840367/download,XC840367-588080421.wav,https://creativecommons.org/licenses/by-nc-sa/4.0/,A,1:58,05:30,2023-06-25,2023-11-04,,yes,no,,,no,Zoom F3,Wildtronics Pro Mono,48000,
325911,Agelaius,phoeniceus,,birds,Red-winged Blackbird,Albert Lastukhin &amp; Max Lastukhin ,United States,"Huntington, Suffolk County, New York",40.9059,-73.4012,10,flight call,male,,field recording,https://xeno-canto.org/325911,https://xeno-canto.org/325911/download,"XC325911-Agelaius phoeniceus 8 Март 2016, 16-00, Хантингтон пляж -1-A flight call, male.MP3",https://creativecommons.org/licenses/by-nc-sa/4.0/,B,0:11,16:00,2016-03-08,2016-07-06,,yes,no,,,no,,,44100,
109040,Agelaius,phoeniceus,phoeniceus,birds,Red-winged Blackbird,Andrew Spencer,United States,"Emeralda Marsh Conservation Area, Lake Co., Florida",28.899,-81.808,20,"call, song",,,field recording,https://xeno-canto.org/109040,https://xeno-canto.org/109040/download,Red-winged Blackbird2012-5-22-1malecall.mp3,https://creativecommons.org/licenses/by-nc-sa/3.0/,A,0:53,08:30,2012-05-22,2012-09-02,"natural vocalization; three calls types from a male bird perched at the edge of a freshwater marsh, with one song strophe at the end of the cut.",yes,no,,,no,,,48000,
792152,Agelaius,phoeniceus,,birds,Red-winged Blackbird,Stuart Fisher,United States,"Castleberry, Big Creek, Cumming, GA",34.1637,-84.2195,320,"call, song",male,adult,field recording,https://xeno-canto.org/792152,https://xeno-canto.org/792152/download,"XC792152-Blackbird,-Red-winged-Big-Creek-audition-2-SF.mp3",https://creativecommons.org/licenses/by-nc-sa/4.0/,A,0:38,10:30,2014-04-22,2023-04-10,,yes,no,,,no,,unknown,44100,Turdus migratorius; Melanerpes erythrocephalus
636450,Agelaius,phoeniceus,,birds,Red-winged Blackbird,Thomas Ryder Payne,Canada,"Toronto, Toronto Division, Ontario",43.633,-79.3226,80,"call, song",,adult,field recording,https://xeno-canto.org/636450,https://xeno-canto.org/636450/download,XC636450-Red Winged Blackbird cronk a lee 6pm A TTP 190325.mp3,https://creativecommons.org/licenses/by-nc-sa/4.0/,A,1:28,18:00,2019-03-25,2021-04-06,Audio Technica AT875r. Field near water.,yes,no,,,no,,,44100,Larus delawarensis
477976,Agelaius,phoeniceus,,birds,Red-winged Blackbird,William Whitehead,United States,"Ernest Oros Nature Preserve, Avenel, New Jersey",40.5874,-74.2621,0,call,,,field recording,https://xeno-canto.org/477976,https://xeno-canto.org/477976/download,XC477976-RedWingedBlackbird4.mp3,https://creativecommons.org/licenses/by-nc-sa/4.0/,A,0:45,01:30,2019-05-31,2019-05-31,Seer and Chuck Call,yes,no,,,no,,,48000,
872175,Agelaius,phoeniceus,gubernator,birds,Red-winged Blackbird,Alán Palacios,Mexico,Parque Ecológico de Xochimilco ,19.2919,-99.0964,2200,"call, song",male,adult,field recording,https://xeno-canto.org/872175,https://xeno-canto.org/872175/download,XC872175-afe-phi-gub-(1).wav,https://creativecommons.org/licenses/by-nc-sa/4.0/,A,0:47,08:00,2024-02-10,2024-02-11,,yes,no,,,no,Cell phone Pixel 3A,MOB Ornitronik ,48000,
1107069,Agelaius,phoeniceus,,birds,Red-winged Blackbird,Mario Reyes Jr,United States,Hisle Park,,,300,,,,field recording,https://xeno-canto.org/1107069,https://xeno-canto.org/1107069/download,XC1107069-willow-h1.wav,https://creativecommons.org/licenses/by-nc-sa/4.0/,A,1:02,09:00,2026-05-09,2026-05-10,,yes,no,,,no,Zoom H1 essential ,Crake Sound MKII Parabolic Dish,48000,
661075,Agelaius,phoeniceus,,birds,Red-winged Blackbird,Barry Edmonston,Canada,"Vancouver Island (near  Victoria), Capital, British Columbia",48.4634,-123.376,10,call,female,adult,field recording,https://xeno-canto.org/661075,https://xeno-canto.org/661075/download,XC661075-Red-winged Blackbird 10.mp3,https://creativecommons.org/licenses/by-nc-sa/4.0/,A,1:15,17:20,2021-06-21,2021-07-04,"Natural vocalizations from single individual in dense reeds located in shallow water at lake's edge.  Individual has been in the same place for several days, calling constantly when visited daily.",yes,no,,,no,,,44100,
405419,Agelaius,phoeniceus,,birds,Red-winged Blackbird,Ted Floyd,United States,"Louisville, Boulder County, Colorado",39.9831,-105.1477,1700,"alarm call, call, song",male,,field recording,https://xeno-canto.org/405419,https://xeno-canto.org/405419/download,XC405419-RWBL 2018-03-06-1120 Colo-Boul-LPOS.mp3,https://creativecommons.org/licenses/by-nc-sa/4.0/,B,0:49,11:20,2018-03-06,2018-03-11,"Various vocalizations from a flock of mainly (entirely?) male Red-winged Blackbirds. They're still ""warming up"" at this time of year, with ""imperfect"" songs.",yes,no,,,no,,,44100,Junco hyemalis; Cyanocitta stelleri; Sturnus vulgaris
972032,Agelaius,phoeniceus,,birds,Red-winged Blackbird,steve,United States,"Wenona, Washington County, North Carolina",35.7067,-76.566,0,call,"female, male","adult, juvenile",field recording,https://xeno-canto.org/972032,https://xeno-canto.org/972032/download,XC972032-rwbl020725.wav,https://creativecommons.org/licenses/by-sa/4.0/,B,0:10,12:30,2025-02-07,2025-02-08,"large group, bathing",yes,no,,,no,zoom h4n,zoom h4n,48000,Quiscalus quiscula
445901,Agelaius,phoeniceus,,birds,Red-winged Blackbird,Phil Stouffer,United States,"12 (near  Baton Rouge), East Baton Rouge Parish, Louisiana",30.4161,-91.161,10,call,,,field recording,https://xeno-canto.org/445901,https://xeno-canto.org/445901/download,XC445901-181213_02 Red-winged Blackbird odd call.mp3,https://creativecommons.org/licenses/by-nc-sa/4.0/,A,1:16,16:30,2018-12-13,2018-12-14,"There is a normal kong-a-ree from another rwbl, but I was after the whistled wheee! at about 3khz. I was watching the bird, about 20m away at the top of a leafless cypress. This bird has been giving this unusual call for a couple of years along this stretch of the lake between the end of Cedardale and the end of Ferndale. The bird would puff its chest, spread its shoulders but not its wings, open its tail slightly, and give this loud whistled call over and over again. It was not making any of the other calls in this recording.
wav version on eBird https://ebird.org/view/checklist/S50645560. ",yes,no,,,no,,,44100,Agelaius phoeniceus
717544,Agelaius,phoeniceus,,birds,Red-winged Blackbird,Sasha Robinson,United States,"Sageland, Kern County, California",35.5073,-118.1943,1200,song,male,adult,field recording,https://xeno-canto.org/717544,https://xeno-canto.org/717544/download,XC717544-RWBL_4_4_2022_Frog Spring.mp3,https://creativecommons.org/licenses/by-nc-sa/4.0/,A,2:25,07:00,2022-04-04,2022-04-23,,yes,no,,,no,,,48000,
623277,Agelaius,phoeniceus,,birds,Red-winged Blackbird,Olivier SWIFT,Mexico,"Laguna de Montebello, La Trinitaria, Chiapas",16.1068,-91.7059,1500,call,female,,field recording,https://xeno-canto.org/623277,https://xeno-canto.org/623277/download,XC623277-Agelaius_phoeniceus_cri_F_130805_DR05_0984_Lago_Montebello_Chiapas.mp3,https://creativecommons.org/licenses/by-nc-sa/4.0/,B,0:41,16:02,2013-08-05,2021-02-22,Tascam DR05 and Wildtronics parabole,yes,no,,,no,,,48000,
412974,Agelaius,phoeniceus,,birds,Red-winged Blackbird,Austin Young,United States,"Edson Fichter Nature Area, Pocatello, Bannock County, Idaho",42.8222,-112.4043,1363,"call, song",male,,field recording,https://xeno-canto.org/412974,https://xeno-canto.org/412974/download,"XC412974-Edson Fichter Nature Area, Pocatello, ID- Rw Blackb, Hou Spar, Killdeer, Song Spar- 22 Apr 2018.mp3",https://creativecommons.org/licenses/by-nc-nd/4.0/,A,1:13,08:00,2018-04-22,2018-04-30,"A single male Red-winged Blackbird singing atop a deciduous tree beside the Portneuf River. The river provided a very narrow riparian zone with willows being predominant in this spot, surrounded mostly by open grassy habitat. At the end of the recording, the bird flew downstream a bit. ",yes,no,,,no,,,48000,Charadrius vociferus; Passer domesticus
304637,Agelaius,phoeniceus,,birds,Red-winged Blackbird,Nathan Hentze,Canada,"Vanderhoof, Bulkley-Nechako, British Columbia",53.9263,-124.0697,750,call,,,field recording,https://xeno-canto.org/304637,https://xeno-canto.org/304637/download,XC304637-RWBL_Vanderhoof_Nancys Marsh_140605_1.mp3,https://creativecommons.org/licenses/by-nc-sa/4.0/,A,0:50,16:58,2014-06-05,2016-02-25,Natural vocalizations. No editing.,yes,no,,,no,,,22050,Porzana carolina; Melospiza melodia; Gallinago delicata; Geothlypis trichas; Tachycineta bicolor; Turdus migratorius; Chlidonias niger
585259,Agelaius,phoeniceus,,birds,Red-winged Blackbird,Elizabeth Piña Vera,Mexico,"Cuautitlán, Cuautitlán Municipality, Estado de México",19.6785,-99.1615,2200,,male,adult,field recording,https://xeno-canto.org/585259,https://xeno-canto.org/585259/download,XC585259-Tordo sargento.mp3,https://creativecommons.org/licenses/by-nc-sa/4.0/,B,0:05,09:00,2020-05-28,2020-08-28,I saw an adult male at a tree top in a park. He was alone and when he looked at me he started to call,yes,no,,,no,,,44100,
807222,Agelaius,phoeniceus,,birds,Red-winged Blackbird,David A. Brinkman,United States,"Wegerzyn garden (near  Dayton), Montgomery County, Ohio",39.8031,-84.2047,220,"call, song",male,adult,field recording,https://xeno-canto.org/807222,https://xeno-canto.org/807222/download,XC807222-RWBL-Mar-28-2023-Wegerzyn-Gardens-OH.mp3,https://creativecommons.org/licenses/by-nc-sa/4.0/,A,0:44,11:11,2023-03-28,2023-06-06,Several males singing and calling in area of dead standing trees in water adjacent to grassy area.,yes,no,,,no,Olympus WS - 852 digital voice recorder,built-in,44100,Spinus tristis; Melanerpes carolinus; Thryothorus ludovicianus; Cardinalis cardinalis
803614,Agelaius,phoeniceus,,birds,Red-winged Blackbird,Magnus Hellström,United States,"Pipe Creek Wildlife Area, Erie County, Ohio",41.4512,-82.6645,180,song,male,,field recording,https://xeno-canto.org/803614,https://xeno-canto.org/803614/download,XC803614-ZOOM0011-Red-winged-Blackbird-2023-05-12-Pipe-Creek.mp3,https://creativecommons.org/licenses/by-nc-sa/4.0/,B,0:32,08:30,2023-05-12,2023-05-25,,yes,no,,,no,,,44100,
904805,Agelaius,phoeniceus,,birds,Red-winged Blackbird,Anthony Gliozzo,United States,Above Utsalady Historic Park,48.2588,-122.5113,-10,call,male,adult,field recording,https://xeno-canto.org/904805,https://xeno-canto.org/904805/download,XC904805-Red-winged-blackbird-male.wav,https://creativecommons.org/licenses/by-nc-sa/4.0/,A,0:14,17:00,2024-05-20,2024-05-21,"recorded within drain field above N. Camano Drive/Utsalady Point. Species has been there for several weeks. Clean up noise background with Audacity, calls and cadence unaltered. No edits.",yes,no,,,no,Samsung S20,Samsung S20,48000,
205492,Agelaius,phoeniceus,,birds,Red-winged Blackbird,Luis A Villamil,Canada,"Wood Buffalo (near  Fort McMurray), Division No. 16, Alberta",56.7264,-111.3803,260,call,,,field recording,https://xeno-canto.org/205492,https://xeno-canto.org/205492/download,XC205492-FINAL02.mp3,https://creativecommons.org/licenses/by-nc-sa/4.0/,B,0:09,06:00,2014-06-02,2014-12-06,Red-winged Blackbird?? between seconds 3 - 5?,no,no,,,no,,,24000,
284190,Agelaius,phoeniceus,,birds,Red-winged Blackbird,David Vander Pluym,United States,"Coon Bluff, Maricopa Co., AZ",33.548,-111.644,420,call,,,field recording,https://xeno-canto.org/284190,https://xeno-canto.org/284190/download,XC284190-RWBL_DVP_CoonBluffMAR_150429_01.mp3,https://creativecommons.org/licenses/by-nc-sa/4.0/,B,0:08,08:00,2015-04-29,2015-10-07,Part of a longer clip which includes XC284191 and XC284192. High pass filter ran and amplified.,no,no,,,no,,,22050,Zenaida asiatica; Myiarchus cinerascens
713844,Agelaius,phoeniceus,,birds,Red-winged Blackbird,Ron Overholtz,United States,"Diaz Lake, Inyo County, California",36.5624,-118.0545,1100,song,male,adult,field recording,https://xeno-canto.org/713844,https://xeno-canto.org/713844/download,"XC713844-Red-winged Blackbird Agelaius  phoeniceus Diaz lake , Inyo Co. Ca 4-4-2022.mp3",https://creativecommons.org/licenses/by-nc-sa/4.0/,A,0:09,11:00,2022-04-04,2022-04-08,"Tascam DR-05
Audacity",yes,no,,,no,,,44100,
320841,Agelaius,phoeniceus,,birds,Red-winged Blackbird,Hal Mitchell,United States,"Lake Cormorant, DeSoto County, Mississippi",34.9884,-90.2098,60,"call, song",,,field recording,https://xeno-canto.org/320841,https://xeno-canto.org/320841/download,"XC320841-RWBL Calls and Song at Norfolf Landing Rd, Lake Cormorant, MS 05-30-16.mp3",https://creativecommons.org/licenses/by-nc-sa/4.0/,B,0:37,10:30,2016-05-30,2016-06-10,Heard singing in cottonwood tree.  called twice and sang twice before leaving to go and forage on the ground in the adjacent pasture.  ,yes,no,,,no,,,48000,
295820,Agelaius,phoeniceus,richmondi,birds,Red-winged Blackbird,Alfonso Auerbach,Honduras,"Camino hacia La Berbería , Choluteca",13.0174,-87.1519,0,song,,,field recording,https://xeno-canto.org/295820,https://xeno-canto.org/295820/download,XC295820-151211_1489 sargento.MP3,https://creativecommons.org/licenses/by-nc-sa/4.0/,B,0:06,03:00,2015-12-12,2015-12-18,,no,no,,,no,,,44100,Himantopus mexicanus
436852,Agelaius,phoeniceus,,birds,Red-winged Blackbird,Bruce Lagerquist,United States,"Gloyd Seeps, Grant County, Washington",47.3127,-119.3347,360,flight call,,,field recording,https://xeno-canto.org/436852,https://xeno-canto.org/436852/download,XC436852-180918_06 Flight Call Red-Winged Blackbird.mp3,https://creativecommons.org/licenses/by-nc-sa/4.0/,A,1:07,18:30,2018-09-18,2018-10-02,"Large flock of birds, 100+, dispersing for the day from their roost in a large marsh located in scrub/sage habitat",yes,no,,,no,,,48000,
233392,Agelaius,phoeniceus,,birds,Red-winged Blackbird,Jose Antonio Robles,Mexico,"Camino al Cocodrilario, San Blas, Nayarit",21.5283,-105.2198,0,"call, song",,,field recording,https://xeno-canto.org/233392,https://xeno-canto.org/233392/download,XC233392-24.- Red-winged Blackbird ~ Tordo sargento (Agelaius phoeniceus).mp3,https://creativecommons.org/licenses/by-nc-sa/4.0/,B,0:13,09:55,2015-03-28,2015-03-28,,yes,no,,,no,,,48000,
734761,Agelaius,phoeniceus,richmondi,birds,Red-winged Blackbird,Brendan Sloan,Costa Rica,Copes Casa La Union ,,,100 masl approx,song,,,field recording,https://xeno-canto.org/734761,https://xeno-canto.org/734761/download,XC734761-220412_0170 RW blackbird.mp3,https://creativecommons.org/licenses/by-nc-nd/4.0/,A,0:15,08:00,2022-04-08,2022-06-28,,yes,no,,,no,,,48000,
406531,Agelaius,phoeniceus,,birds,Red-winged Blackbird,Leonardo Guzman Hernandez,Mexico,"Monterrey, Monterrey, Nuevo León",25.6702,-100.293,500,call,,,field recording,https://xeno-canto.org/406531,https://xeno-canto.org/406531/download,XC406531-A. phoenSantaCat.mp3,https://creativecommons.org/licenses/by-nc-sa/4.0/,B,0:10,09:30,2018-03-18,2018-03-19,,yes,no,,,no,,,44100,
1004470,Agelaius,phoeniceus,,birds,Red-winged Blackbird,Rory Nefdt,United States,"Edith G. Reed Sanctuary, Rye, New York",40.9658,-73.6739,0,call,uncertain,adult,field recording,https://xeno-canto.org/1004470,https://xeno-canto.org/1004470/download,XC1004470-250603_1308Blackbird_Read_3Jun25_1830.mp3,https://creativecommons.org/licenses/by-nc-sa/4.0/,A,0:27,20:00,2025-06-03,2025-06-06,,yes,no,,,no,Olympus L-14,Olympus L-14,44100,
407824,Agelaius,phoeniceus,,birds,Red-winged Blackbird,Jim Berry,United States,"Ellicott (near  Jamestown), Chautauqua County, New York",42.1503,-79.2537,500,"call, song",,,field recording,https://xeno-canto.org/407824,https://xeno-canto.org/407824/download,XC407824-Red-winged Blackbird 052514.mp3,https://creativecommons.org/licenses/by-nc-sa/4.0/,A,0:15,07:00,2014-05-25,2018-03-28,,yes,no,,,no,,,44100,
672020,Agelaius,phoeniceus,,birds,Red-winged Blackbird,Valerie Heemstra,United States,"Gladstone, Delta County, Michigan, Saunders Point",45.8481,-87.001,180,"alarm call, call, flight call",male,adult,field recording,https://xeno-canto.org/672020,https://xeno-canto.org/672020/download,XC672020-MIXPRE-5968Red-wingedBlackbirdmale9-3-21SaundersPoint.mp3,https://creativecommons.org/licenses/by-nc-sa/4.0/,B,0:47,11:00,2021-09-03,2021-09-03,"Bird was perched in a small bare tree at the edge of the marsh, where only the boardwalk separates the marsh from Lake Michigan.  It allowed me to come very close when I went past the first time and photographed it.  On the way back, it was agitated, I think by two motorboats that were approaching.  It started with its Chuk-type calls, then, as the boats got closer, switched to a Seer-type alarm call and flew away at 39 seconds into the recording.  Most of the Red-wings have left this marsh, and I counted only two today.  Its plumage was scruffy, but it still had its epaulet.",yes,no,,,no,,,48000,
809012,Agelaius,phoeniceus,,birds,Red-winged Blackbird,Denis Provencher,Canada,"Sentiers Des Étangs (near  Saint-Donat-de-Montcalm), Lanaudière, Québec",46.3162,-74.2147,400,song,"female, male",adult,in the hand,https://xeno-canto.org/809012,https://xeno-canto.org/809012/download,XC809012-Carouge-à-épaulettes-2023-04-14.mp3,https://creativecommons.org/licenses/by-nc-sa/4.0/,B,0:48,08:00,2023-04-14,2023-06-15,,yes,no,,,no,Cellulaire ,,48000,Corvus brachyrhynchos
282250,Agelaius,phoeniceus,,birds,Red-winged Blackbird,Albert Lastukhin @ Max lastukhin,United States,"Oyster Bay, Nassau, New York",40.8708,-73.5398,10,"call, song",,,field recording,https://xeno-canto.org/282250,https://xeno-canto.org/282250/download,"XC282250-Agelaius phoeniceus 13.03.2015, Мил ривер, 7-30 - 12-00 01,A.MP3",https://creativecommons.org/licenses/by-nc-sa/4.0/,B,2:09,12:00,2015-03-13,2015-09-22,,unknown,no,,,no,,,44100,
